name,optionalIn,flags,requiredIn,cardinality,callback,immutable,type,value,max,min,since
c,account,domainAdminModifiable,,,,,,,,,
co,account,domainAdminModifiable,,,,,,,,,
company,account,domainAdminModifiable,,,,,,,,,
cn,"account,alias,distributionList","domainAdminModifiable,accountInfo","cos,server,alwaysOnCluster,ucService,mimeEntry,objectEntry,zimletEntry,xmppComponent,aclTarget,shareLocator,groupStaticUnit",,,,,,,,
description,"account,distributionList,group,groupDynamicUnit,groupStaticUnit,cos,domain,server,alwaysOnCluster,ucService,mimeEntry,objectEntry,aclTarget,globalConfig,xmppComponent,zimletEntry,calendarResource",domainAdminModifiable,,multi,,,,,,,
destinationIndicator,account,domainAdminModifiable,,,,,,,,,
displayName,"account,distributionList,group,groupDynamicUnit","accountInfo,domainAdminModifiable",calendarResource,,DisplayName,,,,,,
facsimileTelephoneNumber,account,domainAdminModifiable,,,,,,,,,
gn,account,domainAdminModifiable,,,,,,,,,
givenName,account,domainAdminModifiable,,,,,,,,,
homePhone,account,domainAdminModifiable,,,,,,,,,
initials,account,domainAdminModifiable,,,,,,,,,
internationaliSDNNumber,account,domainAdminModifiable,,,,,,,,,
l,account,domainAdminModifiable,,,,,,,,,
mail,"account,distributionList,group,groupDynamicUnit",idn,,,,1,,,,,
mobile,account,domainAdminModifiable,,,,,,,,,
o,account,domainAdminModifiable,,,,,,,,,
ou,account,domainAdminModifiable,,,,,,,,,
pager,account,domainAdminModifiable,,,,,,,,,
physicalDeliveryOfficeName,account,domainAdminModifiable,,,,,,,,,
postOfficeBox,account,domainAdminModifiable,,,,,,,,,
postalAddress,account,domainAdminModifiable,,,,,,,,,
postalCode,account,domainAdminModifiable,,,,,,,,,
preferredDeliveryMethod,account,domainAdminModifiable,,,,,,,,,
registeredAddress,account,domainAdminModifiable,,,,,,,,,
sn,account,domainAdminModifiable,,,,,,,,,
st,account,domainAdminModifiable,,,,,,,,,
street,account,domainAdminModifiable,,,,,,,,,
streetAddress,account,domainAdminModifiable,,,,,,,,,
telephoneNumber,account,domainAdminModifiable,,,,,,,,,
teletexTerminalIdentifier,account,domainAdminModifiable,,,,,,,,,
telexNumber,account,domainAdminModifiable,,,,,,,,,
title,account,domainAdminModifiable,,,,,,,,,
uid,alias,accountInfo,"account,distributionList",,,1,,,,,
userCertificate,account,,,multi,,,certificate,,,,
userPassword,account,,,,,,,,,,
userSMIMECertificate,account,,,multi,,,binary,,,,
x121Address,account,domainAdminModifiable,,,,,,,,,
zimbraId,,accountInfo,"account,alias,distributionList,cos,domain,server,alwaysOnCluster,ucService,calendarResource,xmppComponent,group,groupDynamicUnit,groupStaticUnit",single,,1,id,,,,
zimbraAccountStatus,calendarResource,domainAdminModifiable,account,single,AccountStatus,,enum,"active,maintenance,locked,closed,lockout,pending",,,
zimbraMailAddress,mailRecipient,,,multi,,1,email,,256,,
zimbraMailHost,"mailRecipient,group",,,single,MailHost,,astring,,256,,
zimbraNotes,"account,distributionList,group,cos,domain,server",domainAdminModifiable,,single,,,,,1024,,
zimbraMemberOf,account,,,multi,,1,id,,,,
zimbraMailForwardingAddress,"mailRecipient,groupStaticUnit","accountInfo,domainAdminModifiable",,multi,,,email,,256,,
zimbraMailDeliveryAddress,mailRecipient,,,multi,,1,email,,256,,
zimbraCOSId,account,,,single,CosId,,id,,,,
zimbraMailStatus,"mailRecipient,group,groupDynamicUnit,domain",domainAdminModifiable,,single,,,enum,"enabled,disabled",,,
zimbraMailQuota,"account,cos","accountInfo,accountInherited,domainAdminModifiable",,single,,,long,,,,
zimbraPrefMailSignature,"account,identity,signature",domainAdminModifiable,,single,MailSignature,,,,,,
zimbraPrefMailSignatureEnabled,"account,identity",domainAdminModifiable,,single,,,boolean,,,,
zimbraMailAlias,"mailRecipient,group,groupDynamicUnit",accountInfo,,multi,,1,email,,256,,
zimbraPrefSaveToSent,"account,cos,identity","accountInherited,domainAdminModifiable",,single,,,boolean,,,,
zimbraIsAdminAccount,account,accountInfo,,single,,,boolean,,,,
zimbraMailSieveScript,account,,,single,MailSieveScript,,,,,,
zimbraPasswordMinLength,"account,cos","accountInfo,accountInherited,domainAdminModifiable",,single,,,integer,,,0,
zimbraPasswordMaxLength,"account,cos","accountInfo,accountInherited,domainAdminModifiable",,single,,,integer,,,0,
zimbraPasswordMinAge,"account,cos","accountInherited,domainAdminModifiable",,single,,,integer,,,0,
zimbraPasswordMaxAge,"account,cos","accountInherited,domainAdminModifiable",,single,,,integer,,,0,
zimbraPasswordEnforceHistory,"account,cos","accountInherited,domainAdminModifiable",,single,,,integer,,,0,
zimbraPasswordHistory,account,,,multi,,,ostring,,128,,
zimbraPasswordModifiedTime,account,,,single,,,gentime,,,,
zimbraPasswordMustChange,account,domainAdminModifiable,,single,,,boolean,,,,
zimbraPasswordLocked,"account,cos","accountInherited,domainAdminModifiable",,single,,,boolean,,,,
zimbraPrefGroupMailBy,"account,cos","accountInherited,domainAdminModifiable",,single,,,enum,"conversation,message",,,
zimbraPrefIncludeSpamInSearch,"account,cos","accountInherited,domainAdminModifiable",,single,,,boolean,,,,
zimbraPrefIncludeTrashInSearch,"account,cos","accountInherited,domainAdminModifiable",,single,,,boolean,,,,
zimbraPrefMailItemsPerPage,"account,cos","accountInherited,domainAdminModifiable",,single,,,integer,,,,
zimbraPrefOutOfOfficeReply,account,domainAdminModifiable,,single,OutOfOfficeCallback,,,,8192,,
zimbraPrefOutOfOfficeReplyEnabled,account,domainAdminModifiable,,single,OutOfOfficeCallback,,boolean,,,,
zimbraPrefReplyToAddress,"account,identity,dataSource,distributionList,group",domainAdminModifiable,,single,Email,,,,256,,
zimbraPrefUseKeyboardShortcuts,"account,cos","accountInherited,domainAdminModifiable",,single,,,boolean,,,,
zimbraPrefMailInitialSearch,"account,cos","accountInherited,domainAdminModifiable",,single,,,,,512,,
zimbraPrefSentMailFolder,"account,cos,identity","accountInherited,domainAdminModifiable",,single,,,,,256,,
zimbraMailTrashLifetime,"account,cos","accountInherited,domainAdminModifiable,accountInfo",,single,,,duration,,,,
zimbraMailSpamLifetime,"account,cos","accountInherited,domainAdminModifiable,accountInfo",,single,,,duration,,,,
zimbraMailMessageLifetime,"account,cos","accountInherited,domainAdminModifiable,accountInfo",,single,,,duration,,,,
zimbraContactMaxNumEntries,"account,cos","accountInfo,accountInherited",,single,,,integer,,,0,
zimbraAuthTokenLifetime,"account,cos","accountInherited,domainAdminModifiable",,single,PositiveTimeInterval,,duration,,,,
zimbraAdminAuthTokenLifetime,"account,cos","accountInherited,domainAdminModifiable",,single,PositiveTimeInterval,,duration,,,,
zimbraMailMinPollingInterval,"account,cos","accountInfo,accountInherited,domainAdminModifiable",,single,,,duration,,,,
zimbraPrefMailPollingInterval,"account,cos","accountInherited,domainAdminModifiable",,single,,,duration,,,,
zimbraLastLogonTimestamp,account,ephemeral,,single,,1,gentime,,,,
zimbraAttachmentsBlocked,"account,cos,globalConfig","accountInfo,accountInherited,domainAdminModifiable",,single,,,boolean,,,,
zimbraAttachmentsViewInHtmlOnly,"account,cos,globalConfig","accountInfo,accountInherited,domainAdminModifiable",,single,,,boolean,,,,
zimbraPrefNewMailNotificationEnabled,account,domainAdminModifiable,,single,,,boolean,,,,
zimbraPrefNewMailNotificationAddress,account,domainAdminModifiable,,single,,,email,,256,,
zimbraPrefForwardReplyPrefixChar,"account,cos,identity","accountInherited,domainAdminModifiable",,single,,,astring,,1,,
zimbraPrefAutoAddAddressEnabled,"account,cos","accountInherited,domainAdminModifiable",,single,,,boolean,,,,
zimbraPrefReplyIncludeOriginalText,"account,cos,identity","accountInherited,domainAdminModifiable",,single,,,enum,"includeAsAttachment,includeBody,includeBodyWithPrefix,includeNone,includeSmart,includeBodyAndHeadersWithPrefix,includeBodyAndHeaders,includeSmartWithPrefix,includeSmartAndHeaders,includeSmartAndHeadersWithPrefix,includeBodyOnly",,,
zimbraPrefForwardIncludeOriginalText,"account,cos,identity","accountInherited,domainAdminModifiable",,single,,,enum,"includeAsAttachment,includeBody,includeBodyWithPrefix,includeBodyAndHeadersWithPrefix,includeBodyAndHeaders,includeBodyOnly",,,
zimbraFeatureContactsEnabled,"account,cos","accountInfo,accountInherited",,single,,,boolean,,,,
zimbraFeatureCalendarEnabled,"account,cos","accountInfo,accountInherited",,single,FeatureCalendarEnabled,,boolean,,,,
zimbraFeatureTaggingEnabled,"account,cos","accountInfo,accountInherited",,single,,,boolean,,,,
zimbraFeatureSavedSearchesEnabled,"account,cos","accountInfo,accountInherited",,single,,,boolean,,,,
zimbraFeatureConversationsEnabled,"account,cos","accountInfo,accountInherited",,single,,,boolean,,,,
zimbraFeatureChangePasswordEnabled,"account,cos","accountInfo,accountInherited",,single,,,boolean,,,,
zimbraFeatureInitialSearchPreferenceEnabled,"account,cos","accountInfo,accountInherited",,single,,,boolean,,,,
zimbraFeatureFiltersEnabled,"account,cos","accountInfo,accountInherited",,single,,,boolean,,,,
zimbraPrefDedupeMessagesSentToSelf,"account,cos","accountInherited,domainAdminModifiable",,single,,,enum,"dedupeNone,secondCopyifOnToOrCC,dedupeAll",,,
zimbraPrefMessageViewHtmlPreferred,"account,cos","accountInherited,domainAdminModifiable",,single,,,boolean,,,,
zimbraMailIdleSessionTimeout,"account,cos","accountInfo,accountInherited,domainAdminModifiable",,single,,,duration,,,,
zimbraPrefContactsPerPage,"account,cos","accountInherited,domainAdminModifiable",,single,,,integer,,,,
zimbraFeatureGalEnabled,"account,cos","accountInfo,accountInherited",,single,,,boolean,,,,
zimbraNewMailNotificationFrom,"account,cos","accountInherited,domainAdminModifiable",,single,,,,,1000,,
zimbraNewMailNotificationSubject,"account,cos","accountInherited,domainAdminModifiable",,single,,,,,1000,,
zimbraNewMailNotificationBody,"account,cos","accountInherited,domainAdminModifiable",,single,,,,,10000,,
zimbraPrefMailSignatureStyle,"account,cos,identity","accountInherited,domainAdminModifiable",,single,,,enum,"outlook,internet",,,
zimbraAttachmentsIndexingEnabled,"account,cos","accountInherited,domainAdminModifiable",,single,,,boolean,,,,
zimbraImapEnabled,"account,cos","accountInherited,domainAdminModifiable",,single,,,boolean,,,,
zimbraPop3Enabled,"account,cos","accountInfo,accountInherited,domainAdminModifiable",,single,,,boolean,,,,
zimbraPrefShowFragments,"account,cos","accountInherited,domainAdminModifiable",,single,,,boolean,,,,
zimbraPrefComposeInNewWindow,"account,cos","accountInherited,domainAdminModifiable",,single,,,boolean,,,,
zimbraMailCanonicalAddress,mailRecipient,domainAdminModifiable,,single,,,email,,256,,
zimbraMailCatchAllAddress,mailRecipient,idn,,multi,,,regex,^@[A-Za-z0-9-\.]+$,256,,
zimbraMailCatchAllForwardingAddress,mailRecipient,idn,,single,,,regex,^@[A-Za-z0-9-\.]+$,256,,
zimbraMailCatchAllCanonicalAddress,mailRecipient,idn,,single,,,regex,^@[A-Za-z0-9-\.]+$,256,,
zimbraPrefComposeFormat,"account,cos","accountInherited,domainAdminModifiable",,single,,,enum,"text,html",,,
zimbraPrefForwardReplyInOriginalFormat,"account,cos","accountInherited,domainAdminModifiable",,single,,,boolean,,,,
zimbraFeatureHtmlComposeEnabled,"account,cos","accountInfo,accountInherited",,single,,,boolean,,,,
zimbraPrefShowSearchString,"account,cos","accountInherited,domainAdminModifiable",,single,,,boolean,,,,
zimbraPrefTimeZoneId,"account,cos,domain","accountCosDomainInherited,domainAdminModifiable",,multi,,,,,256,,
zimbraPrefUseTimeZoneListInCalendar,"account,cos","accountInherited,domainAdminModifiable",,single,,,boolean,,,,
zimbraPrefCalendarInitialView,"account,cos","accountInherited,domainAdminModifiable",,single,,,enum,"day,week,workWeek,month,list,year",,,
zimbraPrefImapSearchFoldersEnabled,"account,cos","accountInherited,domainAdminModifiable",,single,,,boolean,,,,
zimbraMailTransport,mailRecipient,,,single,,,astring,,320,,
zimbraAuthLdapExternalDn,account,domainAdminModifiable,,single,,,,,256,,
zimbraPrefHtmlEditorDefaultFontFamily,"account,cos","accountInherited,domainAdminModifiable",,single,,,,,64,,
zimbraPrefHtmlEditorDefaultFontSize,"account,cos","accountInherited,domainAdminModifiable",,single,,,astring,,32,,
zimbraPrefHtmlEditorDefaultFontColor,"account,cos","accountInherited,domainAdminModifiable",,single,,,astring,,32,,
zimbraPrefCalendarFirstDayOfWeek,"account,cos","accountInherited,domainAdminModifiable",,single,,,integer,,6,0,
zimbraPrefCalendarNotifyDelegatedChanges,"account,cos","accountInherited,domainAdminModifiable",,single,,,boolean,,,,
zimbraPrefCalendarUseQuickAdd,"account,cos","accountInherited,domainAdminModifiable",,single,,,boolean,,,,
zimbraPrefCalendarInitialCheckedCalendars,account,domainAdminModifiable,,single,,,astring,,512,,
zimbraPrefCalendarAlwaysShowMiniCal,"account,cos","accountInherited,domainAdminModifiable",,single,,,boolean,,,,
zimbraZimletAvailableZimlets,"account,cos","accountInfo,domainAdminModifiable,accountInherited",,multi,AvailableZimlets,,,,256,,
zimbraProxyAllowedDomains,"account,cos",,,multi,,,,,256,,
zimbraForeignPrincipal,account,domainAdminModifiable,,multi,ForeignPrincipal,,,,256,,
zimbraZimletUserProperties,account,domainAdminModifiable,,multi,,,cstring,,51200,,
zimbraIsDomainAdminAccount,account,"accountInfo,domainAdminModifiable",,single,,,boolean,,,,
zimbraFeatureViewInHtmlEnabled,"account,cos","accountInfo,accountInherited",,single,,,boolean,,,,
zimbraAccountCalendarUserType,account,domainAdminModifiable,calendarResource,single,,,enum,"USER,RESOURCE",,,
zimbraFeatureSharingEnabled,"account,cos","accountInfo,accountInherited",,single,,,boolean,,,,
zimbraPrefCalendarApptReminderWarningTime,"account,cos","accountInherited,domainAdminModifiable",,single,,,integer,,,-1,
zimbraFeatureMailForwardingEnabled,"account,cos","accountInfo,accountInherited,domainAdminModifiable",,single,,,boolean,,,,
zimbraPrefMailForwardingAddress,account,domainAdminModifiable,,single,PrefMailForwardingAddress,,cs_emailp,,,,
zimbraPrefMailLocalDeliveryDisabled,account,domainAdminModifiable,,single,,,boolean,,,,
zimbraLocale,"mailRecipient,account,alias,distributionList,group,cos,globalConfig,domain,server,calendarResource","accountInfo,accountInherited,domainAdminModifiable,serverInherited",,single,,,,,64,,
zimbraMailboxLocationBeforeMove,account,,,single,,,astring,,256,,
zimbraFeatureMobileSyncEnabled,"account,cos","accountInfo,accountInherited,domainAdminModifiable",,single,,,boolean,,,,
zimbraHideInGal,"mailRecipient,group",domainAdminModifiable,,single,,,boolean,,,,
zimbraFeatureSkinChangeEnabled,"account,cos","accountInfo,accountInherited",,single,,,boolean,,,,
zimbraPrefSkin,"account,cos,domain","domainInfo,accountCosDomainInherited,domainAdminModifiable",,single,,,,,80,,
zimbraFeatureGalAutoCompleteEnabled,"account,cos","accountInfo,accountInherited",,single,,,boolean,,,,
zimbraAvailableSkin,"account,cos,domain","domainInfo,accountInfo,accountCosDomainInherited,domainAdminModifiable",,multi,,,,,80,,
zimbraDebugInfo,account,,,multi,,,,,1024,,
zimbraFeatureOutOfOfficeReplyEnabled,"account,cos","accountInfo,accountInherited",,single,,,boolean,,,,
zimbraFeatureNewMailNotificationEnabled,"account,cos","accountInfo,accountInherited",,single,,,boolean,,,,
zimbraPrefGalAutoCompleteEnabled,"account,cos","accountInherited,domainAdminModifiable",,single,,,boolean,,,,
zimbraIsSystemResource,account,,,single,,,boolean,,,,
zimbraPasswordLockoutEnabled,"account,cos","accountInherited,domainAdminModifiable",,single,,,boolean,,,,
zimbraPasswordLockoutDuration,"account,cos","accountInherited,domainAdminModifiable",,single,,,duration,,,,
zimbraPasswordLockoutMaxFailures,"account,cos","accountInherited,domainAdminModifiable",,single,,,integer,,,,
zimbraPasswordLockoutFailureLifetime,"account,cos","accountInherited,domainAdminModifiable",,single,,,duration,,,,
zimbraPasswordLockoutLockedTime,account,domainAdminModifiable,,single,,,gentime,,,,
zimbraPasswordLockoutFailureTime,account,domainAdminModifiable,,multi,,,gentime,,,,
zimbraPrefOutOfOfficeFromDate,account,domainAdminModifiable,,single,,,gentime,,,,
zimbraPrefOutOfOfficeUntilDate,account,domainAdminModifiable,,single,,,gentime,,,,
zimbraPrefOutOfOfficeCacheDuration,"account,cos","accountInherited,domainAdminModifiable",,single,,,duration,,,,
zimbraPrefOutOfOfficeDirectAddress,account,domainAdminModifiable,,multi,,,email,,,,
zimbraPasswordMinUpperCaseChars,"account,cos","accountInfo,accountInherited,domainAdminModifiable",,single,,,integer,,,0,
zimbraPasswordMinLowerCaseChars,"account,cos","accountInfo,accountInherited,domainAdminModifiable",,single,,,integer,,,0,
zimbraPasswordMinPunctuationChars,"account,cos","accountInfo,accountInherited,domainAdminModifiable",,single,,,integer,,,0,
zimbraPasswordMinNumericChars,"account,cos","accountInfo,accountInherited,domainAdminModifiable",,single,,,integer,,,0,
zimbraTextAnalyzer,"account,cos","accountInherited,domainAdminModifiable",,single,,,,,,,
zimbraPrefUseRfc2231,"account,cos","accountInherited,domainAdminModifiable",,single,,,boolean,,,,
zimbraPrefShortcuts,"account,cos","accountInherited,domainAdminModifiable",,single,,,,,2048,,
zimbraDomainAdminMaxMailQuota,"account,cos","accountInfo,accountInherited",,single,,,long,,,,
zimbraVersion,account,,,single,,,integer,,,,
zimbraPrefFromDisplay,"account,identity,dataSource",domainAdminModifiable,,single,,,,,256,,
zimbraPrefFromAddress,"account,identity,dataSource",domainAdminModifiable,,single,,,,,256,,
zimbraPrefReplyToDisplay,"account,identity,dataSource,distributionList,group",domainAdminModifiable,,single,,,,,256,,
zimbraPrefReplyToEnabled,"account,identity,distributionList,group",domainAdminModifiable,,single,,,boolean,,,,
zimbraPrefWhenSentToEnabled,"account,identity",domainAdminModifiable,,single,,,boolean,,,,
zimbraPrefWhenSentToAddresses,"account,identity",domainAdminModifiable,,multi,,,,,2048,,
zimbraPrefWhenInFoldersEnabled,"account,identity",domainAdminModifiable,,single,,,boolean,,,,
zimbraPrefWhenInFolderIds,"account,identity",domainAdminModifiable,,multi,,,,,512,,
zimbraPrefBccAddress,"account,identity",domainAdminModifiable,,single,,,,,2048,,
zimbraPrefIdentityName,account,domainAdminModifiable,identity,single,,,,,128,,
zimbraPrefForwardReplyFormat,"cos,account,identity",domainAdminModifiable,,single,,,enum,"text,html,same",,,
zimbraIdentityMaxNumEntries,"account,cos","accountInfo,accountInherited",,single,,,integer,,,0,
zimbraFeatureIdentitiesEnabled,"account,cos","accountInfo,accountInherited",,single,,,boolean,,,,
zimbraFeaturePop3DataSourceEnabled,"account,cos","accountInfo,accountInherited",,single,,,boolean,,,,
zimbraDataSourceMaxNumEntries,"account,cos","accountInfo,accountInherited",,single,,,integer,,,0,
zimbraAllowAnyFromAddress,"account,cos","accountInfo,accountInherited",,single,,,boolean,,,,
zimbraAllowFromAddress,account,"accountInfo,domainAdminModifiable",,multi,AllowFromAddress,,email,,256,,
zimbraArchiveAccount,account,,,multi,,,email,,256,,
zimbraArchiveAccountNameTemplate,"account,cos",accountInherited,,single,,,,,256,,
zimbraArchiveAccountDateTemplate,"account,cos",accountInherited,,single,,,,,256,,
zimbraFeatureTasksEnabled,"account,cos","accountInfo,accountInherited",,single,,,boolean,,,,
zimbraSyncWindowSize,"account,cos","accountInherited,domainAdminModifiable",,single,,,integer,,,0,
zimbraPrefCalendarDayHourStart,"account,cos","accountInherited,domainAdminModifiable",,single,,,integer,,23,0,
zimbraPrefCalendarDayHourEnd,"account,cos","accountInherited,domainAdminModifiable",,single,,,integer,,24,0,
zimbraPrefLocale,"account,cos,","accountInherited,domainAdminModifiable",,single,,,,,64,,
zimbraFeatureVoiceEnabled,"account,cos",accountInherited,,single,,,boolean,,,,
zimbraAdminSavedSearches,"account,cos","accountInherited,domainAdminModifiable",,multi,,,,,512,,
zimbraFeaturePortalEnabled,"account,cos","accountInfo,accountInherited",,single,,,boolean,,,,
zimbraPortalName,"account,cos","accountInfo,accountInherited,domainAdminModifiable",,single,,,,,256,,
zimbraFeatureOptionsEnabled,"account,cos","accountInfo,accountInherited",,single,,,boolean,,,,
zimbraPrefClientType,"account,cos","accountInherited,domainAdminModifiable",,single,,,enum,"standard,advanced",,,
zimbraMailSignatureMaxLength,"account,cos","accountInfo,accountInherited",,single,,,long,,,0,
zimbraDataSourcePollingInterval,"dataSource,account,cos","accountInfo,accountInherited,domainAdminModifiable",,single,DataSourceCallback,,duration,,,0,
zimbraPrefWarnOnExit,"account,cos","accountInherited,domainAdminModifiable",,single,,,boolean,,,,
zimbraPrefMailDefaultCharset,"account,cos","accountInherited,domainAdminModifiable",,single,MailCharset,,,,64,,
zimbraPrefDeleteInviteOnReply,"account,cos","accountInherited,domainAdminModifiable",,single,,,boolean,,,,
zimbraPrefShowSelectionCheckbox,"account,cos","accountInherited,domainAdminModifiable",,single,,,boolean,,,,
zimbraFeatureGroupCalendarEnabled,"account,cos","accountInfo,accountInherited",,single,,,boolean,,,,
zimbraNotebookMaxRevisions,"account,cos",accountInherited,,single,,,integer,,,0,
zimbraQuotaWarnPercent,"account,cos","accountInherited,domainAdminModifiable",,single,,,integer,,100,0,
zimbraQuotaLastWarnTime,account,,,single,,,gentime,,,,
zimbraQuotaWarnInterval,"account,cos","accountInherited,domainAdminModifiable",,single,,,duration,,,,
zimbraQuotaWarnMessage,"account,cos","accountInherited,domainAdminModifiable",,single,,,,,10000,,
zimbraAvailableLocale,"account,cos","accountInfo,accountInherited,domainAdminModifiable",,multi,,,,,80,,
zimbraFeatureMailEnabled,"account,cos","accountInfo,accountInherited",,single,,,boolean,,,,
zimbraSignatureId,account,,signature,single,,,id,,,,
zimbraSignatureName,account,domainAdminModifiable,signature,single,,,,,128,,
zimbraPrefDefaultSignatureId,"account,identity,dataSource",domainAdminModifiable,,single,,,,,,,
zimbraSignatureMaxNumEntries,"account,cos","accountInfo,accountInherited",,single,,,integer,,,0,
zimbraFeatureSignaturesEnabled,"account,cos","accountInfo,accountInherited",,single,,,boolean,,,,
zimbraFeatureBriefcasesEnabled,"account,cos","accountInfo,accountInherited",,single,,,boolean,,,,
zimbraFeatureFlaggingEnabled,"account,cos","accountInfo,accountInherited",,single,,,boolean,,,,
zimbraPrefOpenMailInNewWindow,"account,cos","accountInherited,domainAdminModifiable",,single,,,boolean,,,,
zimbraExcludeFromCMBSearch,account,,,single,,,boolean,,,,
zimbraPrefDisplayExternalImages,"account,cos","accountInherited,domainAdminModifiable",,single,,,boolean,,,,
zimbraPrefMailSignatureHTML,"account,signature",domainAdminModifiable,,single,MailSignature,,,,,,
zimbraFeatureInstantNotify,"account,cos","accountInfo,accountInherited",,single,,,boolean,,,,
zimbraSignatureMinNumEntries,"account,cos","accountInfo,accountInherited,domainAdminModifiable",,single,,,integer,,,0,
zimbraDataSourceMinPollingInterval,"account,cos","accountInfo,accountInherited,domainAdminModifiable",,single,,,duration,,,,5.0.0
zimbraPrefVoiceItemsPerPage,"account,cos","accountInherited,domainAdminModifiable",,single,,,integer,,,,5.0.0
zimbraFeatureMailUpsellEnabled,"account,cos","accountInfo,accountInherited",,single,,,boolean,,,,5.0.0
zimbraFeatureMailUpsellURL,"account,cos","accountInfo,accountInherited,domainAdminModifiable",,single,,,,,256,,5.0.0
zimbraFeatureContactsUpsellEnabled,"account,cos","accountInfo,accountInherited",,single,,,boolean,,,,5.0.0
zimbraFeatureContactsUpsellURL,"account,cos","accountInfo,accountInherited,domainAdminModifiable",,single,,,,,256,,5.0.0
zimbraFeatureCalendarUpsellEnabled,"account,cos","accountInfo,accountInherited",,single,,,boolean,,,,5.0.0
zimbraFeatureCalendarUpsellURL,"account,cos","accountInfo,accountInherited,domainAdminModifiable",,single,,,,,256,,5.0.0
zimbraFeatureVoiceUpsellEnabled,"account,cos","accountInfo,accountInherited",,single,,,boolean,,,,5.0.0
zimbraFeatureVoiceUpsellURL,"account,cos","accountInfo,accountInherited,domainAdminModifiable",,single,,,,,256,,5.0.0
zimbraPrefInboxUnreadLifetime,"account,cos","accountInherited,domainAdminModifiable",,single,,,duration,,,,5.0.0
zimbraPrefInboxReadLifetime,"account,cos","accountInherited,domainAdminModifiable",,single,,,duration,,,,5.0.0
zimbraPrefSentLifetime,"account,cos","accountInherited,domainAdminModifiable",,single,,,duration,,,,5.0.0
zimbraPrefJunkLifetime,"account,cos","accountInherited,domainAdminModifiable",,single,,,duration,,,,5.0.0
zimbraPrefTrashLifetime,"account,cos","accountInherited,domainAdminModifiable",,single,,,duration,,,,5.0.0
zimbraFeatureZimbraAssistantEnabled,"account,cos","accountInfo,accountInherited",,single,,,boolean,,,,5.0.0
zimbraPrefAutoSaveDraftInterval,"account,cos","accountInherited,domainAdminModifiable",,single,,,duration,,,,5.0.0
zimbraFeatureMailPriorityEnabled,"account,cos","accountInfo,accountInherited",,single,,,boolean,,,,5.0.0
zimbraFeatureImapDataSourceEnabled,"account,cos","accountInfo,accountInherited",,single,,,boolean,,,,5.0.0
zimbraPrefCalendarReminderEmail,account,domainAdminModifiable,,single,,,email,,256,,7.0.0
zimbraJunkMessagesIndexingEnabled,"account,cos","accountInherited,domainAdminModifiable",,single,,,boolean,,,,5.0.0
zimbraFeatureComposeInNewWindowEnabled,"account,cos","accountInfo,accountInherited",,single,,,boolean,,,,5.0.1
zimbraFeatureOpenMailInNewWindowEnabled,"account,cos","accountInfo,accountInherited",,single,,,boolean,,,,5.0.1
zimbraIsCustomerCareAccount,account,accountInfo,,single,,,boolean,,,,5.0.2
zimbraPrefLabel,account,domainAdminModifiable,,single,,,,,256,,5.0.2
zimbraSpamApplyUserFilters,"account,cos","accountInherited,domainAdminModifiable",,single,,,boolean,,,,5.0.2
zimbraCustomerCareTier,account,accountInfo,,single,,,integer,,3,,5.0.3
zimbraFreebusyExchangeURL,"globalConfig,domain,cos,account","domainInherited,accountCosDomainInherited",,single,FreeBusyProviderURLCheck,,,,256,,5.0.3
zimbraFreebusyExchangeAuthUsername,"globalConfig,domain,cos,account","domainInherited,accountCosDomainInherited",,single,,,,,256,,5.0.3
zimbraFreebusyExchangeAuthPassword,"globalConfig,domain,cos,account","domainInherited,accountCosDomainInherited",,single,,,,,256,,5.0.3
zimbraFreebusyExchangeUserOrg,"globalConfig,domain,cos,account","domainInherited,accountCosDomainInherited",,single,,,,,256,,5.0.3
zimbraFreebusyExchangeAuthScheme,"globalConfig,domain,cos,account","domainInherited,accountCosDomainInherited",,single,,,enum,"basic,form",,,5.0.3
zimbraInterceptAddress,"account,cos","accountInherited,domainAdminModifiable",,multi,,,,,,,5.0.3
zimbraInterceptSendHeadersOnly,"account,cos","accountInherited,domainAdminModifiable",,single,,,boolean,,,,5.0.3
zimbraInterceptFrom,"account,cos","accountInherited,domainAdminModifiable",,single,,,,,,,5.0.3
zimbraInterceptSubject,"account,cos","accountInherited,domainAdminModifiable",,single,,,,,,,5.0.3
zimbraInterceptBody,"account,cos","accountInherited,domainAdminModifiable",,single,,,,,,,5.0.3
zimbraBatchedIndexingSize,"account,cos","accountInherited,domainAdminModifiable",,single,,,integer,,,0,5.0.3
zimbraFreebusyExchangeCachedIntervalStart,"globalConfig,domain,cos,account","domainInherited,accountCosDomainInherited",,single,,,duration,,,,5.0.3
zimbraFreebusyExchangeCachedInterval,"globalConfig,domain,cos,account","domainInherited,accountCosDomainInherited",,single,,,duration,,,,5.0.3
zimbraFeatureNewAddrBookEnabled,"account,cos","accountInfo,accountInherited",,single,,,boolean,,,,5.0.4
zimbraPrefTagTreeOpen,"account,cos","accountInherited,domainAdminModifiable",,single,,,boolean,,,,5.0.5
zimbraPrefSearchTreeOpen,"account,cos","accountInherited,domainAdminModifiable",,single,,,boolean,,,,5.0.5
zimbraPrefGalSearchEnabled,"account,cos","accountInherited,domainAdminModifiable",,single,,,boolean,,,,5.0.5
zimbraPrefFolderTreeOpen,"account,cos","accountInherited,domainAdminModifiable",,single,,,boolean,,,,5.0.5
zimbraPrefZimletTreeOpen,"account,cos","accountInherited,domainAdminModifiable",,single,,,boolean,,,,5.0.5
zimbraNotebookSanitizeHtml,"account,cos",accountInherited,,single,,,boolean,,,,5.0.6
zimbraPrefMarkMsgRead,"account,cos","accountInherited,domainAdminModifiable",,single,,,integer,,,-1,5.0.6
zimbraPrefPop3DownloadSince,"account,cos","accountInherited,domainAdminModifiable",,single,,,gentime,,,,5.0.6
zimbraYahooId,account,,,single,,,,,256,,5.0.6
zimbraACE,"account,distributionList,cos,domain,globalConfig,server,alwaysOnCluster,ucService,zimletEntry,xmppComponent,aclTarget,group",,,multi,,,,,,,5.0.7
zimbraPrefMailSoundsEnabled,"account,cos","accountInherited,domainAdminModifiable",,single,,,boolean,,,,5.0.7
zimbraPrefCalendarReminderSoundsEnabled,"account,cos","accountInherited,domainAdminModifiable",,single,,,boolean,,,,5.0.7
zimbraPrefAdvancedClientEnforceMinDisplay,"account,cos","accountInherited,domainAdminModifiable",,single,,,boolean,,,,5.0.7
zimbraPrefMailFlashTitle,"account,cos","accountInherited,domainAdminModifiable",,single,,,boolean,,,,5.0.7
zimbraPrefMailFlashIcon,"account,cos","accountInherited,domainAdminModifiable",,single,,,boolean,,,,5.0.7
zimbraPrefCalendarReminderFlashTitle,"account,cos","accountInherited,domainAdminModifiable",,single,,,boolean,,,,5.0.7
zimbraPrefCalendarAllowForwardedInvite,"account,cos","accountInherited,domainAdminModifiable",,single,,,boolean,,,,6.0.0_BETA1
zimbraPrefCalendarAllowPublishMethodInvite,"account,cos","accountInherited,domainAdminModifiable",,single,,,boolean,,,,6.0.0_BETA1
zimbraPrefStandardClientAccessibilityMode,"account,cos","accountInherited,domainAdminModifiable",,single,,,boolean,,,,6.0.0_BETA1
zimbraPrefListViewColumns,"account,cos","accountInherited,domainAdminModifiable",,single,,,,,,,5.0.9
zimbraPrefCalendarAllowCancelEmailToSelf,"account,cos","accountInherited,domainAdminModifiable",,single,,,boolean,,,,5.0.9
zimbraFeatureMailForwardingInFiltersEnabled,"account,cos","accountInfo,accountInherited,domainAdminModifiable",,single,,,boolean,,,,5.0.10
zimbraCalendarMaxRevisions,"account,cos","accountInherited,domainAdminModifiable",,single,,,integer,,,0,5.0.10
zimbraFeatureGalSyncEnabled,"account,cos","accountInfo,accountInherited",,single,,,boolean,,,,5.0.10
zimbraMailPurgeUseChangeDateForTrash,"account,cos",accountInherited,,single,,,boolean,,,,5.0.17
zimbraPrefMandatorySpellCheckEnabled,"account,cos","accountInherited,domainAdminModifiable",,single,,,boolean,,,,6.0.0_BETA1
zimbraFreebusyLocalMailboxNotActive,"account,cos","accountInherited,domainAdminModifiable",,single,,,boolean,,,,5.0.11
zimbraContactRankingTableSize,"account,cos","accountInherited,domainAdminModifiable",,single,,,integer,,,0,6.0.0_BETA1
zimbraPrefSharedAddrBookAutoCompleteEnabled,"account,cos","accountInherited,domainAdminModifiable",,single,,,boolean,,,,6.0.0_BETA1
zimbraAdminConsoleUIComponents,"account,distributionList,group",accountInfo,,multi,,,,,,,6.0.0_BETA1
zimbraPrefZimlets,"account,cos",domainAdminModifiable,,multi,,,,,,,6.0.0_BETA1
zimbraDataSourcePop3PollingInterval,"account,cos","accountInfo,accountInherited,domainAdminModifiable",,single,DataSourceCallback,,duration,,,0,6.0.0_BETA1
zimbraDataSourceImapPollingInterval,"account,cos","accountInfo,accountInherited,domainAdminModifiable",,single,DataSourceCallback,,duration,,,0,6.0.0_BETA1
zimbraDataSourceLivePollingInterval,"account,cos","accountInfo,accountInherited,domainAdminModifiable",,single,DataSourceCallback,,duration,,,0,6.0.0_BETA1
zimbraDataSourceRssPollingInterval,"account,cos","accountInfo,accountInherited,domainAdminModifiable",,single,DataSourceCallback,,duration,,,0,6.0.0_BETA1
zimbraPrefFolderColorEnabled,"account,cos","accountInherited,domainAdminModifiable",,single,,,boolean,,,,6.0.0_BETA1
zimbraFeatureDiscardInFiltersEnabled,"account,cos","accountInfo,accountInherited,domainAdminModifiable",,single,,,boolean,,,,6.0.0_BETA1
zimbraReverseProxyUseExternalRoute,"account,domain",domainAdminModifiable,,single,,,boolean,,,,5.0.12
zimbraExternalPop3Port,"account,domain",domainAdminModifiable,,single,,,port,,,,5.0.12
zimbraExternalPop3SSLPort,"account,domain",domainAdminModifiable,,single,,,port,,,,5.0.12
zimbraExternalImapPort,"account,domain",domainAdminModifiable,,single,,,port,,,,5.0.12
zimbraExternalImapSSLPort,"account,domain",domainAdminModifiable,,single,,,port,,,,5.0.12
zimbraExternalPop3Hostname,"account,domain",domainAdminModifiable,,single,,,,,256,,5.0.12
zimbraExternalPop3SSLHostname,"account,domain",domainAdminModifiable,,single,,,,,256,,5.0.12
zimbraExternalImapHostname,"account,domain",domainAdminModifiable,,single,,,,,256,,5.0.12
zimbraExternalImapSSLHostname,"account,domain",domainAdminModifiable,,single,,,,,256,,5.0.12
zimbraDataSourceCaldavPollingInterval,"account,cos","accountInfo,accountInherited,domainAdminModifiable",,single,DataSourceCallback,,duration,,,0,6.0.0_BETA1
zimbraDataSourceYabPollingInterval,"account,cos","accountInfo,accountInherited,domainAdminModifiable",,single,DataSourceCallback,,duration,,,0,6.0.0_BETA1
zimbraCreateTimestamp,"account,alias,distributionList,cos,dataSource,domain,identity,globalConfig,server,alwaysOnCluster,ucService,signature,calendarResource,xmppComponent,zimletEntry,group,groupDynamicUnit,groupStaticUnit",,,single,,1,gentime,,,,6.0.0_BETA1
zimbraSmtpEnableTrace,"account,cos","accountInfo,accountInherited,domainAdminModifiable",,single,,,boolean,,,,6.0.0_BETA1
zimbraMailWhitelistMaxNumEntries,"account,cos","accountInfo,accountInherited",,single,,,integer,,,0,6.0.0_BETA1
zimbraMailBlacklistMaxNumEntries,"account,cos","accountInfo,accountInherited",,single,,,integer,,,0,6.0.0_BETA1
zimbraPrefReadingPaneLocation,"account,cos","accountInherited,domainAdminModifiable",,single,,,enum,"bottom,right,off",,,6.0.0_BETA1
zimbraFeatureConfirmationPageEnabled,"account,cos","accountInfo,accountInherited",,single,,,boolean,,,,6.0.0_BETA1
zimbraPrefMailToasterEnabled,"account,cos","accountInherited,domainAdminModifiable",,single,,,boolean,,,,6.0.0_BETA1
zimbraPrefCalendarToasterEnabled,"account,cos","accountInherited,domainAdminModifiable",,single,,,boolean,,,,6.0.0_BETA1
zimbraPrefIMToasterEnabled,"account,cos","accountInherited,domainAdminModifiable",,single,,,boolean,,,,6.0.0_BETA1
zimbraCalendarCalDavSyncStart,"account,cos","accountInherited,domainAdminModifiable",,single,,,duration,,,,5.0.14
zimbraCalendarCalDavSyncEnd,"account,cos","accountInherited,domainAdminModifiable",,single,,,duration,,,,5.0.14
zimbraCalendarCalDavSharedFolderCacheDuration,"account,cos","accountInherited,domainAdminModifiable",,single,,,duration,,,,5.0.14
zimbraPrefConversationOrder,"account,cos","accountInherited,domainAdminModifiable",,single,,,enum,"dateDesc,dateAsc",,,6.0.0_BETA1
zimbraDataSourceCalendarPollingInterval,"account,cos","accountInfo,accountInherited,domainAdminModifiable",,single,DataSourceCallback,,duration,,,0,6.0.0_BETA1
zimbraFeatureReadReceiptsEnabled,"account,cos","accountInfo,accountInherited",,single,,,boolean,,,,6.0.0_BETA1
zimbraPrefMailSendReadReceipts,"account,cos","accountInherited,domainAdminModifiable",,single,,,enum,"always,never,prompt",,,6.0.0_BETA1
zimbraDataSourceGalPollingInterval,"account,cos","accountInfo,accountInherited,domainAdminModifiable",,single,DataSourceCallback,,duration,,,0,6.0.0_BETA1
zimbraContactAutoCompleteMaxResults,"account,cos","accountInfo,accountInherited",,single,,,integer,,,0,6.0.0_BETA1
zimbraPrefCalendarApptVisibility,"account,cos","accountInherited,domainAdminModifiable",,single,,,enum,"public,private",,,6.0.0_BETA1
zimbraFeatureMobilePolicyEnabled,"account,cos","accountInfo,accountInherited",,single,,,boolean,,,,6.0.0_BETA1
zimbraMobilePolicyAllowNonProvisionableDevices,"account,cos",accountInherited,,single,,,boolean,,,,6.0.0_BETA1
zimbraMobilePolicyAllowPartialProvisioning,"account,cos",accountInherited,,single,,,boolean,,,,6.0.0_BETA1
zimbraMobilePolicyRefreshInterval,"account,cos",accountInherited,,single,,,integer,,,,6.0.0_BETA1
zimbraMobilePolicyDevicePasswordEnabled,"account,cos",accountInherited,,single,,,boolean,,,,6.0.0_BETA1
zimbraMobilePolicyMinDevicePasswordLength,"account,cos",accountInherited,,single,,,integer,,,,6.0.0_BETA1
zimbraMobilePolicyAllowSimpleDevicePassword,"account,cos",accountInherited,,single,,,boolean,,,,6.0.0_BETA1
zimbraMobilePolicyAlphanumericDevicePasswordRequired,"account,cos",accountInherited,,single,,,boolean,,,,6.0.0_BETA1
zimbraMobilePolicyMinDevicePasswordComplexCharacters,"account,cos",accountInherited,,single,,,integer,,,,6.0.0_BETA1
zimbraMobilePolicyDevicePasswordExpiration,"account,cos",accountInherited,,single,,,integer,,,,6.0.0_BETA1
zimbraMobilePolicyDevicePasswordHistory,"account,cos",accountInherited,,single,,,integer,,,,6.0.0_BETA1
zimbraMobilePolicyMaxInactivityTimeDeviceLock,"account,cos",accountInherited,,single,,,integer,,,,6.0.0_BETA1
zimbraMobilePolicyMaxDevicePasswordFailedAttempts,"account,cos",accountInherited,,single,,,integer,,,,6.0.0_BETA1
zimbraMobilePolicyPasswordRecoveryEnabled,"account,cos",accountInherited,,single,,,boolean,,,,6.0.0_BETA1
zimbraPrefCalendarAutoAddInvites,"account,cos","accountInherited,domainAdminModifiable",,single,,,boolean,,,,6.0.0_BETA1
zimbraPrefCalendarSendInviteDeniedAutoReply,"account,cos","accountInherited,domainAdminModifiable",,single,,,boolean,,,,6.0.0_BETA1
zimbraPrefCalendarForwardInvitesTo,"account,calendarResource",domainAdminModifiable,,multi,,,,,,,6.0.0_BETA1
zimbraIsDelegatedAdminAccount,account,accountInfo,,single,,,boolean,,,,6.0.0_BETA1
zimbraPrefConvReadingPaneLocation,"account,cos","accountInherited,domainAdminModifiable",,single,,,enum,"bottom,right,off",,,6.0.0_BETA2
zimbraMaxMailItemsPerPage,"account,cos","accountInfo,accountInherited,domainAdminModifiable",,single,,,integer,,,,6.0.0_BETA2
zimbraMaxContactsPerPage,"account,cos","accountInfo,accountInherited,domainAdminModifiable",,single,,,integer,,,,6.0.0_BETA2
zimbraMaxVoiceItemsPerPage,"account,cos","accountInfo,accountInherited,domainAdminModifiable",,single,,,integer,,,,6.0.0_BETA2
zimbraPrefCalendarShowPastDueReminders,"account,cos","accountInherited,domainAdminModifiable",,single,,,boolean,,,,6.0.0_BETA2
zimbraGalSyncAccountBasedAutoCompleteEnabled,"account,cos","accountInherited,domainAdminModifiable",,single,,,boolean,,,,6.0.0_BETA2
zimbraPrefAppleIcalDelegationEnabled,"account,cos","accountInherited,domainAdminModifiable",,single,,,boolean,,,,5.0.17
zimbraPrefAdminConsoleWarnOnExit,"account,cos","accountInherited,domainAdminModifiable",,single,,,boolean,,,,6.0.0_RC1
zimbraMailForwardingAddressMaxLength,"account,cos","accountInfo,accountInherited",,single,,,integer,,,0,6.0.0_RC1
zimbraMailForwardingAddressMaxNumAddrs,"account,cos","accountInfo,accountInherited",,single,,,integer,,,0,6.0.0_RC1
zimbraPrefSpellDictionary,"account,cos,","accountInherited,domainAdminModifiable",,single,,,,,64,,6.0.0_GA
zimbraAuthTokenValidityValue,account,domainAdminModifiable,,single,,,integer,,,0,6.0.0_GA
zimbraPrefShowCalendarWeek,"account,cos","accountInherited,domainAdminModifiable",,single,,,boolean,,,,6.0.0_GA
zimbraPrefMailSelectAfterDelete,"account,cos","accountInherited,domainAdminModifiable",,single,,,enum,"next,previous,adaptive",,,6.0.0_GA
zimbraWebClientShowOfflineLink,"account,cos","accountInfo,accountInherited,domainAdminModifiable",,single,,,boolean,,,,6.0.0_GA
zimbraPrefAccountTreeOpen,"account,cos","accountInherited,domainAdminModifiable",,single,,,boolean,,,,6.0.2
zimbraFeatureVoiceChangePinEnabled,"account,cos","accountInfo,accountInherited",,single,,,boolean,,,,5.0.19
zimbraFeatureManageZimlets,"account,cos","accountInfo,accountInherited,domainAdminModifiable",,single,,,boolean,,,,6.0.2
zimbraFeatureBriefcaseSpreadsheetEnabled,"account,cos","accountInfo,accountInherited",,single,,,boolean,,,,6.0.2
zimbraFeatureBriefcaseSlidesEnabled,"account,cos","accountInfo,accountInherited",,single,,,boolean,,,,6.0.2
zimbraFeatureBriefcaseDocsEnabled,"account,cos","accountInfo,accountInherited",,single,,,boolean,,,,6.0.2
zimbraPrefGetMailAction,"account,cos","accountInherited,domainAdminModifiable",,single,,,enum,"default,update",,,6.0.2
zimbraPrefMailFoldersCheckedForNewMsgIndicator,"account,cos","accountInherited,domainAdminModifiable",,single,,,,,1024,,6.0.5
zimbraPrefSpellIgnoreWord,"account,cos,domain",domainAdminModifiable,,multi,,,,,256,,6.0.5
zimbraPrefDisabledZimlets,"account,cos",domainAdminModifiable,,multi,,,,,,,6.0.5
zimbraSmtpRestrictEnvelopeFrom,"account,cos","accountInfo,accountInherited",,single,,,boolean,,,,6.0.5
zimbraPrefItemsPerVirtualPage,"account,cos","accountInherited,domainAdminModifiable",,single,,,integer,,,,6.0.6
zimbraCalendarResourceDoubleBookingAllowed,"account,cos","accountInfo,accountInherited",,single,,,boolean,,,,6.0.7
zimbraContactEmailFields,"account,cos","accountInherited,domainAdminModifiable",,single,,,,,4096,,6.0.7
zimbraPrefCalendarApptAllowAtendeeEdit,"account,cos","accountInherited,domainAdminModifiable",,single,,,boolean,,,,6.0.7
zimbraPrefAutoCompleteQuickCompletionOnComma,"account,cos","accountInherited,domainAdminModifiable",,single,,,boolean,,,,6.0.7
zimbraCalendarShowResourceTabs,"account,cos","accountInfo,accountInherited",,single,,,boolean,,,,6.0.7
zimbraPrefDefaultPrintFontSize,"account,cos","accountInherited,domainAdminModifiable",,single,,,astring,,32,,6.0.8
zimbraMailAllowReceiveButNotSendWhenOverQuota,"account,cos",accountInherited,,single,,,boolean,,,,7.0.0
zimbraPrefCalendarWorkingHours,"account,cos","accountInherited,domainAdminModifiable",,single,WorkingHours,,,,,,7.0.0
zimbraMailPurgeUseChangeDateForSpam,"account,cos",accountInherited,,single,,,boolean,,,,7.0.0
zimbraPrefForwardReplySignatureId,"account,identity,dataSource",domainAdminModifiable,,single,,,id,,,,7.0.0
zimbraFeatureMAPIConnectorEnabled,"account,cos","accountInfo,accountInherited,domainAdminModifiable",,single,,,boolean,,,,7.0.0
zimbraDumpsterEnabled,"account,cos","accountInfo,accountInherited,domainAdminModifiable",,single,,,boolean,,,,7.0.0
zimbraPrefMailSignatureContactId,"account,signature",domainAdminModifiable,,single,,,,,,,7.0.0
zimbraMailOutgoingSieveScript,account,,,single,MailSieveScript,,,,,,7.0.0
zimbraMailDumpsterLifetime,"account,cos","accountInherited,domainAdminModifiable,accountInfo",,single,,,duration,,,,7.0.0
zimbraFeatureDistributionListExpandMembersEnabled,"account,cos","accountInfo,accountInherited",,single,,,boolean,,,,7.0.0
zimbraFeatureMailSendLaterEnabled,"account,cos","accountInfo,accountInherited",,single,,,boolean,,,,7.0.0
zimbraPrefMailTrustedSenderList,"account,cos,domain","accountCosDomainInherited,domainAdminModifiable",,multi,TrustedSenderList,,astring,,256,,7.0.0
zimbraMailTrustedSenderListMaxNumEntries,"account,cos,domain","accountInfo,accountCosDomainInherited,domainAdminModifiable",,single,,,integer,,,0,7.0.0
zimbraCalendarReminderDeviceEmail,account,"accountInfo,domainAdminModifiable",,single,,,email,,256,,7.0.0
zimbraFeatureFreeBusyViewEnabled,"account,cos","accountInfo,accountInherited",,single,,,boolean,,,,7.0.0
zimbraPhoneticFirstName,account,domainAdminModifiable,,single,,,,,256,,7.0.0
zimbraPhoneticLastName,account,domainAdminModifiable,,single,,,,,256,,7.0.0
zimbraPhoneticCompany,account,domainAdminModifiable,,single,,,,,256,,7.0.0
zimbraFeatureCalendarReminderDeviceEmailEnabled,"account,cos,domain","accountInfo,accountCosDomainInherited",,single,,,boolean,,,,7.0.0
zimbraPrefTasksReadingPaneLocation,"account,cos","accountInherited,domainAdminModifiable",,single,,,enum,"bottom,right,off",,,7.0.0
zimbraPrefBriefcaseReadingPaneLocation,"account,cos","accountInherited,domainAdminModifiable",,single,,,enum,"bottom,right,off",,,7.0.0
zimbraFilterBatchSize,"account,cos","accountInherited,domainAdminModifiable,accountInfo",,single,,,integer,,,,7.0.0
zimbraFilterSleepInterval,"account,cos","accountInherited,domainAdminModifiable",,single,,,duration,,,,7.0.0
zimbraMailThreadingAlgorithm,"account,cos","accountInherited,domainAdminModifiable",,single,,,enum,"subject,subjrefs,references,strict,none",,,8.0.0
zimbraPasswordMinAlphaChars,"account,cos","accountInfo,accountInherited,domainAdminModifiable",,single,,,integer,,,0,7.1.0
zimbraPasswordAllowedChars,"account,cos","accountInfo,accountInherited,domainAdminModifiable",,single,,,cstring,,1024,,7.1.0
zimbraFeatureContactsDetailedSearchEnabled,"account,cos","accountInfo,accountInherited",,single,,,boolean,,,,7.1.0
zimbraPrefPop3DeleteOption,"account,cos","accountInherited,domainAdminModifiable",,single,,,enum,"keep,read,trash,delete",,,8.0.0
zimbraPrefPop3IncludeSpam,"account,cos","accountInherited,domainAdminModifiable",,single,,,boolean,,,,8.0.0
zimbraFeatureAntispamEnabled,"account,cos","accountInfo,accountInherited,domainAdminModifiable",,single,,,boolean,,,,7.1.0
zimbraFeatureAdminMailEnabled,"account,cos","accountInfo,accountInherited",,single,,,boolean,,,,7.1.0
zimbraPrefShortEmailAddress,"account,cos","accountInherited,domainAdminModifiable",,single,,,boolean,,,,7.0.1
zimbraFeatureManageSMIMECertificateEnabled,"account,cos","accountInfo,accountInherited",,single,,,boolean,,,,7.1.0
zimbraFeatureImportFolderEnabled,"account,cos","accountInfo,accountInherited",,single,,,boolean,,,,7.1.0
zimbraFeatureExportFolderEnabled,"account,cos","accountInfo,accountInherited",,single,,,boolean,,,,7.1.0
zimbraFeatureSMIMEEnabled,"account,cos",accountInherited,,single,,,boolean,,,,7.1.0
zimbraPrefCalendarDefaultApptDuration,"account,cos","accountInherited,domainAdminModifiable",,single,,,duration,,,,8.0.0
zimbraPrefSortOrder,"account,cos","accountInherited,domainAdminModifiable",,single,,,,,,,7.1.0
zimbraPrefCalendarAutoAcceptSignatureId,"account,identity,dataSource",domainAdminModifiable,,single,PlainTextSignature,,id,,,,8.0.0
zimbraPrefCalendarAutoDeclineSignatureId,"account,identity,dataSource",domainAdminModifiable,,single,PlainTextSignature,,id,,,,8.0.0
zimbraPrefCalendarAutoDenySignatureId,"account,identity,dataSource",domainAdminModifiable,,single,PlainTextSignature,,id,,,,8.0.0
zimbraPrefCalendarViewTimeInterval,"account,cos",accountInherited,,single,,,duration,,,,8.0.0
zimbraPrefCalendarShowDeclinedMeetings,"account,cos",accountInherited,,single,,,boolean,,,,8.0.0
zimbraPrefFileSharingApplication,"account,cos","accountInherited,domainAdminModifiable",,single,,,enum,briefcase,,,8.0.0
zimbraPrefMessageIdDedupingEnabled,"account,cos",accountInherited,,single,,,boolean,,,,8.0.0
zimbraPrefCalendarAcceptSignatureId,"account,identity,dataSource",domainAdminModifiable,,single,,,id,,,,8.0.0
zimbraPrefCalendarTentativeSignatureId,"account,identity,dataSource",domainAdminModifiable,,single,,,id,,,,8.0.0
zimbraPrefCalendarDeclineSignatureId,"account,identity,dataSource",domainAdminModifiable,,single,,,id,,,,8.0.0
zimbraMobileSmartForwardRFC822Enabled,"account,cos",accountInherited,,single,,,boolean,,,,8.0.0
zimbraArchiveEnabled,"account,cos,globalConfig",accountInherited,,single,,,boolean,,,,8.0.0
zimbraPrefSpellIgnoreAllCaps,"account,cos","accountInherited,domainAdminModifiable",,single,,,boolean,,,,8.0.0
zimbraDefaultFolderFlags,"account,cos","accountInherited,domainAdminModifiable",,single,,,,,32,0,7.1.1
zimbraPrefQuickCommand,account,,,multi,,,,,,,8.0.0
zimbraMailHighlightObjectsMaxSize,"account,cos","accountInfo,accountInherited",,single,,,integer,,,0,7.1.2
zimbraIsSystemAccount,account,,,single,,,boolean,,,,8.0.0
zimbraPrefMailRequestReadReceipts,"account,cos",accountInherited,,single,,,boolean,,,,8.0.0
zimbraCalendarLocationDisabledFields,"account,cos,domain","accountInfo,accountCosDomainInherited",,single,,,,,,,8.0.0
zimbraSharedItem,account,,,multi,,,,,1024,,8.0.0
zimbraCalendarKeepExceptionsOnSeriesTimeChange,"account,cos","accountInfo,accountInherited,domainAdminModifiable",,single,,,boolean,,,,7.1.2
zimbraIsExternalVirtualAccount,account,accountInfo,,single,,,boolean,,,,8.0.0
zimbraExternalUserMailAddress,account,accountInfo,,single,,,email,,,,8.0.0
zimbraPrefOutOfOfficeStatusAlertOnLogin,"account,cos",accountInherited,,single,,,boolean,,,,8.0.0
zimbraPrefFont,"account,cos",accountInherited,,single,,,,,,,8.0.0
zimbraPasswordMinDigitsOrPuncs,"account,cos","accountInfo,accountInherited,domainAdminModifiable",,single,,,integer,,,0,7.1.3
zimbraPasswordAllowedPunctuationChars,"account,cos","accountInfo,accountInherited,domainAdminModifiable",,single,,,cstring,,64,,7.1.3
zimbraExternalShareLifetime,"account,cos","accountInfo,accountInherited",,single,,,duration,,,,8.0.0
zimbraExternalSharingEnabled,"account,cos,domain","accountInfo,accountCosDomainInherited,domainAdminModifiable",,single,,,boolean,,,,8.0.0
zimbraExternalShareWhitelistDomain,"account,cos,domain","accountCosDomainInherited,domainAdminModifiable",,multi,,,,,,,8.0.0
zimbraExternalShareDomainWhitelistEnabled,"account,cos,domain","accountCosDomainInherited,domainAdminModifiable",,single,,,boolean,,,,8.0.0
zimbraStandardClientCustomPrefTabsEnabled,"account,cos,domain","accountInfo,accountCosDomainInherited",,single,,,boolean,,,,7.1.3
zimbraStandardClientCustomPrefTab,"account,cos,domain","accountInfo,accountCosDomainInherited",,multi,,,,,256,,7.1.3
zimbraFeaturePriorityInboxEnabled,"account,cos","accountInfo,accountInherited",,single,,,boolean,,,,8.0.0
zimbraFeatureSocialFiltersEnabled,"account,cos","accountInfo,accountInherited",,multi,,,enum,"SocialCast,LinkedIn,Twitter,Facebook",,,8.0.0
zimbraPrefComposeDirection,"account,cos","accountInherited,domainAdminModifiable",,single,,,enum,"LTR,RTL",,,8.0.0
zimbraPrefShowComposeDirection,"account,cos","accountInherited,domainAdminModifiable",,single,,,boolean,,,,8.0.0
zimbraMobilePolicyAllowStorageCard,"account,cos",accountInherited,,single,,,integer,,1,-1,8.0.0
zimbraMobilePolicyAllowCamera,"account,cos",accountInherited,,single,,,integer,,1,-1,8.0.0
zimbraMobilePolicyRequireDeviceEncryption,"account,cos",accountInherited,,single,,,integer,,1,-1,8.0.0
zimbraMobilePolicyAllowUnsignedApplications,"account,cos",accountInherited,,single,,,integer,,1,-1,8.0.0
zimbraMobilePolicyAllowUnsignedInstallationPackages,"account,cos",accountInherited,,single,,,integer,,1,-1,8.0.0
zimbraMobilePolicyAllowWiFi,"account,cos",accountInherited,,single,,,integer,,1,-1,8.0.0
zimbraMobilePolicyAllowTextMessaging,"account,cos",accountInherited,,single,,,integer,,1,-1,8.0.0
zimbraMobilePolicyAllowPOPIMAPEmail,"account,cos",accountInherited,,single,,,integer,,1,-1,8.0.0
zimbraMobilePolicyAllowBluetooth,"account,cos",accountInherited,,single,,,integer,,2,-1,8.0.0
zimbraMobilePolicyAllowIrDA,"account,cos",accountInherited,,single,,,integer,,1,-1,8.0.0
zimbraMobilePolicyRequireManualSyncWhenRoaming,"account,cos",accountInherited,,single,,,integer,,1,-1,8.0.0
zimbraMobilePolicyAllowDesktopSync,"account,cos",accountInherited,,single,,,integer,,1,-1,8.0.0
zimbraMobilePolicyMaxCalendarAgeFilter,"account,cos",accountInherited,,single,,,integer,,7,-1,8.0.0
zimbraMobilePolicyAllowHTMLEmail,"account,cos",accountInherited,,single,,,integer,,1,-1,8.0.0
zimbraMobilePolicyMaxEmailAgeFilter,"account,cos",accountInherited,,single,,,integer,,5,-1,8.0.0
zimbraMobilePolicyMaxEmailBodyTruncationSize,"account,cos",accountInherited,,single,,,integer,,,-1,8.0.0
zimbraMobilePolicyMaxEmailHTMLBodyTruncationSize,"account,cos",accountInherited,,single,,,integer,,,-1,8.0.0
zimbraMobilePolicyRequireSignedSMIMEMessages,"account,cos",accountInherited,,single,,,integer,,1,-1,8.0.0
zimbraMobilePolicyRequireEncryptedSMIMEMessages,"account,cos",accountInherited,,single,,,integer,,1,-1,8.0.0
zimbraMobilePolicyRequireSignedSMIMEAlgorithm,"account,cos",accountInherited,,single,,,integer,,1,-1,8.0.0
zimbraMobilePolicyRequireEncryptionSMIMEAlgorithm,"account,cos",accountInherited,,single,,,integer,,1,-1,8.0.0
zimbraMobilePolicyAllowSMIMEEncryptionAlgorithmNegotiation,"account,cos",accountInherited,,single,,,integer,,2,-1,8.0.0
zimbraMobilePolicyAllowSMIMESoftCerts,"account,cos",accountInherited,,single,,,integer,,1,-1,8.0.0
zimbraMobilePolicyAllowBrowser,"account,cos",accountInherited,,single,,,integer,,1,-1,8.0.0
zimbraMobilePolicyAllowConsumerEmail,"account,cos",accountInherited,,single,,,integer,,1,-1,8.0.0
zimbraMobilePolicyAllowRemoteDesktop,"account,cos",accountInherited,,single,,,integer,,1,-1,8.0.0
zimbraMobilePolicyAllowInternetSharing,"account,cos",accountInherited,,single,,,integer,,1,-1,8.0.0
zimbraMobilePolicyUnapprovedInROMApplication,"account,cos",accountInherited,,multi,,,,,512,,8.0.0
zimbraMobilePolicyApprovedApplication,"account,cos",accountInherited,,multi,,,,,256,,8.0.0
zimbraMobilePolicySuppressDeviceEncryption,"account,cos",accountInherited,,single,,,boolean,,,,8.0.0
zimbraPrefCalendarReminderDeviceInfo,account,,,single,,,,,128,,8.0.0
zimbraFileExpirationWarningThreshold,"account,cos",accountInherited,,single,,,duration,,,,8.0.0
zimbraFileLifetime,"account,cos",accountInherited,,single,,,duration,,,,8.0.0
zimbraFileExpirationWarningSubject,"account,cos",accountInherited,,single,,,,,,,8.0.0
zimbraFileExpirationWarningBody,"account,cos",accountInherited,,single,,,,,,,8.0.0
zimbraFileDeletionNotificationSubject,"account,cos",accountInherited,,single,,,,,,,8.0.0
zimbraFileDeletionNotificationBody,"account,cos",accountInherited,,single,,,,,,,8.0.0
zimbraDumpsterUserVisibleAge,"account,cos","accountInherited,domainAdminModifiable",,single,,,duration,,,,8.0.0
zimbraDumpsterPurgeEnabled,"account,cos","accountInherited,domainAdminModifiable",,single,,,boolean,,,,8.0.0
zimbraPrefOutOfOfficeExternalReply,account,,,single,,,,,8192,,8.0.0
zimbraPrefOutOfOfficeExternalReplyEnabled,account,,,single,,,boolean,,,,8.0.0
zimbraInternalSendersDomain,"account,cos,domain",accountCosDomainInherited,,multi,,,,,,,8.0.0
zimbraPrefExternalSendersType,"account,cos",accountInherited,,single,,,enum,"ALL,ALLNOTINAB,INAB,INSD",,,8.0.0
zimbraPrefTasksFilterBy,"account,cos",accountInherited,,single,,,enum,"NOTSTARTED,COMPLETED,INPROGRESS,WAITING,DEFERRED,TODO",,,8.0.0
zimbraFileVersioningEnabled,"account,cos",accountInherited,,single,,,boolean,,,,8.0.0
zimbraFileVersionLifetime,"account,cos",accountInherited,,single,,,duration,,,,8.0.0
zimbraPrefAllowAddressForDelegatedSender,"account,distributionList,group","accountInfo,domainAdminModifiable",,multi,AllowAddressForDelegatedSender,,email,,256,,8.0.0
zimbraPrefOutOfOfficeFreeBusyStatus,account,,,single,,,enum,"BUSY,OUTOFOFFICE",,,8.0.0
zimbraPrefIncludeSharedItemsInSearch,"account,cos","accountInherited,domainAdminModifiable",,single,,,boolean,,,,8.0.0
zimbraShareLifetime,"account,cos","accountInfo,accountInherited",,single,,,duration,,,,8.0.0
zimbraFileUploadMaxSizePerFile,"account,cos,domain,globalConfig","accountCosDomainInherited,domainInherited",,single,,,long,,,,8.0.0
zimbraPublicSharingEnabled,"account,cos,domain","accountInfo,accountCosDomainInherited,domainAdminModifiable",,single,,,boolean,,,,8.0.0
zimbraPublicShareLifetime,"account,cos","accountInfo,accountInherited",,single,,,duration,,,,8.0.0
zimbraFileShareLifetime,"account,cos","accountInfo,accountInherited",,single,,,duration,,,,8.0.0
zimbraFileExternalShareLifetime,"account,cos","accountInfo,accountInherited",,single,,,duration,,,,8.0.0
zimbraFilePublicShareLifetime,"account,cos","accountInfo,accountInherited",,single,,,duration,,,,8.0.0
zimbraExternalAccountDisabledTime,account,,,single,,,gentime,,,,8.0.0
zimbraExternalAccountLifetimeAfterDisabled,"account,cos",accountInherited,,single,,,duration,,,,8.0.0
zimbraFeatureExternalFeedbackEnabled,"account,cos","accountInfo,accountInherited",,single,,,boolean,,,,8.0.0
zimbraFeatureCrocodocEnabled,"account,cos","accountInfo,accountInherited",,single,,,boolean,,,,8.0.0
zimbraFileAndroidCrashReportingEnabled,"account,cos","accountInfo,accountInherited",,single,,,boolean,,,,8.0.0
zimbraFeatureSocialcastEnabled,"account,cos","accountInfo,accountInherited",,single,,,boolean,,,,8.0.0
zimbraSocialcastURL,"account,cos","accountInfo,accountInherited",,single,,,,,256,,8.0.0
zimbraFileIOSCrashReportingEnabled,"account,cos","accountInfo,accountInherited",,single,,,boolean,,,,8.0.0
zimbraZimletLoadSynchronously,"account,cos","accountInfo,accountInherited,domainAdminModifiable",,single,,,boolean,,,,7.2.0
zimbraPrefConvShowCalendar,"account,cos",accountInherited,,single,,,boolean,,,,8.0.0
zimbraDevicePasscodeEnabled,"account,cos","accountInherited,accountInfo",,single,,,boolean,,,,8.0.0
zimbraDeviceAllowedPasscodeLockoutDuration,"account,cos","accountInherited,accountInfo",,multi,,,duration,,,,8.0.0
zimbraDevicePasscodeLockoutDuration,"account,cos","accountInherited,accountInfo",,single,,,duration,,,,8.0.0
zimbraDeviceLockWhenInactive,"account,cos","accountInherited,accountInfo",,single,,,boolean,,,,8.0.0
zimbraDeviceFileOpenWithEnabled,"account,cos","accountInherited,accountInfo",,single,,,boolean,,,,8.0.0
zimbraUCServiceId,"account,cos,domain",accountCosDomainInherited,,single,,,id,,,,8.0.0
zimbraUCUsername,account,,,single,,,,,256,,8.0.0
zimbraUCPassword,account,,,single,,,,,256,,8.0.0
zimbraMobilePolicyApprovedApplicationList,"account,cos",accountInherited,,multi,,,,,256,,8.0.0
zimbraDeviceOfflineCacheEnabled,"account,cos","accountInherited,accountInfo",,single,,,boolean,,,,8.0.0
zimbraVirtualAccountInitialPasswordSet,account,accountInfo,,single,,,boolean,,,,8.0.0
zimbraDataSourceImportOnLogin,"account,cos","accountInherited,accountInfo",,single,,,boolean,,,,7.2.2
zimbraPrefFromAddressType,"account,identity",,,single,,,enum,"sendAs,sendOnBehalfOf",,,8.0.0
zimbraMobileNotificationEnabled,"account,cos","accountInfo,accountInherited,domainAdminModifiable",,single,,,boolean,,,,8.5.0
zimbraMobileNotificationAdminAddress,"account,cos",accountInherited,,single,,,email,,256,,8.5.0
zimbraMobileAttachSkippedItemEnabled,"account,cos","accountInfo,accountInherited,domainAdminModifiable",,single,,,boolean,,,,8.5.0
zimbraPrefColorMessagesEnabled,"account,cos,domain","domainInfo,accountInfo,accountCosDomainInherited,domainAdminModifiable",,single,,,boolean,,,,8.0.3
zimbraMobileMetadataMaxSizeEnabled,"account,cos,domain,globalConfig","accountInfo,domainInfo,accountCosDomainInherited,domainInherited,domainAdminModifiable",,single,,,boolean,,,,8.0.3
zimbraMobileItemsToTrackPerFolderMaxSize,"account,cos,domain,globalConfig","accountInfo,domainInfo,accountCosDomainInherited,domainInherited,domainAdminModifiable",,multi,,,,,30,,8.0.3
zimbraPrefSpellIgnorePattern,"account,cos,","accountInherited,domainAdminModifiable",,single,,,,,,,8.0.4
zimbraTouchJSErrorTrackingEnabled,"account,cos","accountInfo,accountInherited",,single,,,boolean,,,,8.5.0
zimbraTouchJSErrorTrackingKey,"account,cos","accountInfo,accountInherited",,single,,,,,,,8.5.0
zimbraForceClearCookies,"account,cos,domain,globalConfig","accountInfo,domainInfo,accountCosDomainInherited,domainInherited,domainAdminModifiable",,single,,,boolean,,,,8.0.4
zimbraFeatureDistributionListFolderEnabled,"account,cos,domain,globalConfig","accountInfo,domainInfo,accountCosDomainInherited,domainInherited,domainAdminModifiable",,single,,,boolean,,,,8.0.4
zimbraMobileSyncKeyFormatConvertedFolders,"account,cos","accountInfo,accountInherited,domainAdminModifiable",,multi,,,,,,,8.0.4
zimbraConverterHints,"account,cos","accountInfo,accountInherited",,multi,,,cstring,,,,8.5.0
zimbraFilePreviewMaxSize,"account,cos","accountInfo,accountInherited",,single,,,long,,,,8.5.0
zimbraMobilePolicyRequireStorageCardEncryption,"account,cos",accountInherited,,single,,,boolean,,,,8.5.0
zimbraPrefFontSize,"account,cos",accountInherited,,single,,,,,,,8.5.0
zimbraDeviceCalendarSoftDeleteExcludePattern,"account,cos",accountInherited,,single,,,cstring,,,,8.0.5
zimbraWebClientOfflineSyncMaxDays,"account,cos","accountInherited,accountInfo",,single,,,integer,,,,8.5.0
zimbraMobileOutlookSyncEnabled,"account,cos","accountInfo,accountInherited,domainAdminModifiable",,single,,,boolean,,,,8.0.5
zimbraFeatureFromDisplayEnabled,"account,cos","accountInfo,accountInherited",,single,,,boolean,,,,8.0.5
zimbraFeatureSocialEnabled,"account,cos,domain","accountInfo,accountCosDomainInherited",,single,,,boolean,,,,8.5.0
zimbraFeatureSocialExternalEnabled,"account,cos,domain","accountInfo,accountCosDomainInherited",,single,,,boolean,,,,8.5.0
zimbraFeatureSocialExternalURL,"account,cos,domain","accountInfo,accountCosDomainInherited",,single,,,,,,,8.5.0
zimbraMobileShareContactEnabled,"account,cos","accountInfo,accountInherited,domainAdminModifiable",,single,,,boolean,,,,8.5.0
zimbraPrefWebClientOfflineBrowserKey,account,,,multi,,,,,,,8.5.0
zimbraMobileForceSamsungProtocol25,"account,cos","accountInfo,accountInherited,domainAdminModifiable",,single,,,boolean,,,,8.0.7
zimbraMobileForceProtocol25,"account,cos","accountInfo,accountInherited,domainAdminModifiable",,single,,,boolean,,,,8.0.7
zimbraFeatureEwsEnabled,"account,cos",accountInherited,,single,,,boolean,,,,8.5.0
zimbraPrefOutOfOfficeSuppressExternalReply,account,,,single,,,boolean,,,,8.5.0
zimbraAuthTokens,account,"ephemeral,dynamic,expirable",,multi,,,,,,,8.5.0
zimbraFeatureWebClientOfflineAccessEnabled,"account,cos","accountInherited,accountInfo",,single,,,boolean,,,,8.5.0
zimbraFeatureSocialName,"account,cos,domain","accountInfo,accountCosDomainInherited",,single,,,,,,,8.5.0
zimbraPrefCalendarAllowedTargetsForInviteDeniedAutoReply,"account,cos","accountInherited,domainAdminModifiable",,single,,,enum,"internal,sameDomain,all",,,8.5.0
zimbraMobileTombstoneEnabled,"account,cos","accountInfo,accountInherited,domainAdminModifiable",,single,,,boolean,,,,8.5.0
zimbraLogOutFromAllServers,"account,cos",accountInherited,,single,,,boolean,,,,8.5.0
zimbraFeatureTouchClientEnabled,"account,cos","accountInfo,accountInherited",,single,,,boolean,,,,8.5.0
zimbraCommunityAPIClientID,"globalConfig,domain,cos,account","domainInherited,accountCosDomainInherited",,single,,,,,,,8.5.0
zimbraCommunityAPIClientSecret,"globalConfig,domain,cos,account","domainInherited,accountCosDomainInherited",,single,,,,,,,8.5.0
zimbraCommunityUsernameMapping,"globalConfig,domain,cos,account","domainInherited,accountCosDomainInherited",,single,,,,,,,8.5.0
zimbraCommunityBaseURL,"globalConfig,domain,cos,account","domainInherited,accountCosDomainInherited",,single,,,,,,,8.5.0
zimbraCommunityHomeURL,"globalConfig,domain,cos,account","domainInherited,accountCosDomainInherited",,single,,,,,,,8.5.0
zimbraMobileSyncRedoMaxAttempts,"account,cos","accountInfo,accountInherited,domainAdminModifiable",,multi,,,,,,,8.5.0
zimbraCommunityID,account,domainAdminModifiable,,single,,,,,,,8.5.0
zimbraPrefUseSendMsgShortcut,"account,cos","accountInherited,domainAdminModifiable",,single,,,boolean,,,,"8.6.0, 9.0.0"
zimbraPrefDelegatedSendSaveTarget,"account,cos","accountInherited,domainAdminModifiable",,single,,,enum,"owner,sender,both,none",,,"8.6.0, 9.0.0"
zimbraFeatureAdminPreferencesEnabled,"account,cos","accountInfo,accountInherited",,single,,,boolean,,,,8.7.0
zimbraIsMobileGatewayAppAccount,account,accountInfo,,single,,,boolean,,,,8.7.0
zimbraPrefShowChatsFolderInMail,"account,cos,domain","accountInfo,accountCosDomainInherited,domainAdminModifiable",,single,,,boolean,,,,8.7.0
zimbraTwoFactorAuthEnabled,account,"domainAdminModifiable,accountInfo",,single,TwoFactorAuthStatus,,boolean,,,,"8.7.0,9.0.0"
zimbraFeatureTwoFactorAuthRequired,"account,cos","domainAdminModifiable,accountInherited,accountInfo",,single,TwoFactorAuthStatus,,boolean,,,,"8.7.0,9.0.0"
zimbraTwoFactorAuthSecret,account,,,single,,1,ostring,,,,"8.7.0,9.0.0"
zimbraTwoFactorAuthScratchCodes,account,,,single,,1,ostring,,,,"8.7.0,9.0.0"
zimbraTwoFactorAuthNumScratchCodes,"account,cos",accountInherited,,single,,,integer,,,1,"8.7.0,9.0.0"
zimbraAppSpecificPassword,account,,,multi,,1,ostring,,,,"8.7.0,9.0.0"
zimbraMaxAppSpecificPasswords,"account,cos",accountInherited,,single,,,integer,,,1,"8.7.0,9.0.0"
zimbraRevokeAppSpecificPasswordsOnPasswordChange,"account,cos",accountInherited,,single,,,boolean,,,,"8.7.0,9.0.0"
zimbraAppSpecificPasswordDuration,"account,cos",accountInherited,,single,,,duration,,,,"8.7.0,9.0.0"
zimbraPrefShowAllNewMailNotifications,"account,cos","accountInherited,domainAdminModifiable",,single,,,boolean,,,,"8.7.0,9.0.0"
zimbraFeatureAppSpecificPasswordsEnabled,"account,cos","domainAdminModifiable,accountInherited,accountInfo",,single,,,boolean,,,,"8.7.0,9.0.0"
zimbraTwoFactorAuthTrustedDeviceTokenLifetime,"account,cos","accountInherited,domainAdminModifiable",,single,PositiveTimeInterval,,duration,,,,"8.7.0,9.0.0"
zimbraTwoFactorAuthTrustedDevices,account,,,multi,,1,,,,,"8.7.0,9.0.0"
zimbraPrefZmgPushNotificationEnabled,"account,cos",accountInherited,,single,,,boolean,,,,"8.7.0,9.0.0"
zimbraPrefTabInEditorEnabled,"account,cos","accountInherited,domainAdminModifiable",,single,,,boolean,,,,"8.7.0, 9.0.0"
zimbraFeatureDataSourcePurgingEnabled,"account,cos","accountInherited,domainAdminModifiable",,single,,,boolean,,,,"8.7.0,9.0.0"
zimbraDataSourceQuota,"account,cos","accountInherited,domainAdminModifiable",,single,DataSourceQuota,,long,,,0,"8.7.0,9.0.0"
zimbraDataSourceTotalQuota,"account,cos","accountInherited,domainAdminModifiable",,single,DataSourceQuota,,long,,,0,"8.7.0,9.0.0"
zimbraNewMailNotificationMessage,"account,cos","accountInherited,domainAdminModifiable",,single,,,,,10000,,"8.7.0,9.0.0"
zimbraTwoFactorAuthTokenLifetime,"account,cos","accountInherited,domainAdminModifiable",,single,PositiveTimeInterval,,duration,,,,"8.7.0,9.0.0"
zimbraTwoFactorAuthEnablementTokenLifetime,"account,cos","accountInherited,domainAdminModifiable",,single,PositiveTimeInterval,,duration,,,,"8.7.0,9.0.0"
zimbraZimletUserPropertiesMaxNumEntries,"account,cos,domain","accountCosDomainInherited,domainAdminModifiable",,single,,,integer,,,0,"8.7.0,9.0.0"
zimbraIsMobileGatewayProxyAccount,account,accountInfo,,single,,,boolean,,,,"8.7.0, 9.0.0"
zimbraDisableCrossAccountConversationThreading,"account,cos",,,single,,,boolean,,,,"8.7.0,9.0.0"
zimbraOAuthAccessor,account,,,multi,,,ostring,,,,"8.7.0,9.0.0"
zimbraFeatureTwoFactorAuthAvailable,"account,cos","domainAdminModifiable,accountInfo,accountInherited",,single,TwoFactorAuthStatus,,boolean,,,,"8.7.0,9.0.0"
zimbraPrefChatPlaySound,"account,cos","domainAdminModifiable,accountInfo,accountInherited",,single,,,boolean,,,,"8.7.0,9.0.0"
zimbraFeatureChatEnabled,"account,cos","domainAdminModifiable,accountInfo,accountInherited",,single,,,boolean,,,,"8.7.0,9.0.0"
zimbraFeatureTrustedDevicesEnabled,"account,cos","domainAdminModifiable,accountInfo,accountInherited",,single,,,boolean,,,,"8.7.0,9.0.0"
zimbraMobileSearchMimeSupportEnabled,"account,cos",accountInherited,,single,,,boolean,,,,"8.7.0,9.0.0"
zimbraExportMaxDays,"account,cos,domain,globalConfig","accountInfo,accountCosDomainInherited,domainInherited",,single,,,integer,,,,"8.7.0,9.0.0"
zimbraPrefChatEnabled,"account,cos",accountInherited,,single,,,boolean,,,,"8.7.0,9.0.0"
zimbraTwoFactorAuthLockoutMaxFailures,"account,cos","accountInherited,domainAdminModifiable",,single,,,integer,,,,"8.7.0,9.0.0"
zimbraTwoFactorAuthLockoutFailureTime,account,domainAdminModifiable,,multi,,,gentime,,,,"8.7.0,9.0.0"
zimbraFeatureMobileGatewayEnabled,"account,cos","domainAdminModifiable,accountInfo,accountInherited",,single,,,boolean,,,,"8.7.0,9.0.0"
zimbraAvailabilityServiceProvider,account,,,single,,,boolean,,,,"8.7.0,9.0.0"
zimbraPasswordLockoutSuppressionCacheSize,"account,cos","accountInherited,domainAdminModifiable",,single,,,integer,,,,"8.7.0,9.0.0"
zimbraPasswordLockoutSuppressionEnabled,"account,cos","accountInherited,domainAdminModifiable",,single,,,boolean,,,,"8.7.0,9.0.0"
zimbraPasswordLockoutSuppressionProtocols,"account,cos","accountInherited,domainAdminModifiable",,multi,,,enum,"zsync,imap,pop3,http_basic,http_dav,soap",,,"8.7.0,9.0.0"
zimbraChatHistoryEnabled,"account,cos",accountInherited,,single,,,boolean,,,,8.7.6
zimbraSieveRejectMailEnabled,"account,cos,domain",accountCosDomainInherited,,single,,,boolean,,,,8.7.8
zimbraSieveNotifyActionRFCCompliant,"account,cos,domain",accountCosDomainInherited,,single,,,boolean,,,,8.7.8
zimbraAdminSieveScriptBefore,"account,cos,domain",accountCosDomainInherited,,single,,,,,,,8.7.8
zimbraAdminSieveScriptAfter,"account,cos,domain",accountCosDomainInherited,,single,,,,,,,8.7.8
zimbraAdminOutgoingSieveScriptBefore,"account,cos,domain",accountCosDomainInherited,,single,,,,,,,8.7.8
zimbraAdminOutgoingSieveScriptAfter,"account,cos,domain",accountCosDomainInherited,,single,,,,,,,8.7.8
zimbraSieveRequireControlEnabled,"account,cos,domain",accountCosDomainInherited,,single,,,boolean,,,,8.8.4
zimbraSieveEditHeaderEnabled,"account,cos,domain",accountCosDomainInherited,,single,,,boolean,,,,8.8.4
zimbraSieveImmutableHeaders,"account,cos,domain",accountCosDomainInherited,,single,,,,,,,8.8.4
zimbraFeatureMarkMailForwardedAsRead,"account,cos","accountInfo,accountInherited,domainAdminModifiable",,single,,,boolean,,,,8.8.5
zimbraFeatureAddressVerificationEnabled,"account,cos","accountInfo,accountInherited",,single,,,boolean,,,,8.8.5
zimbraFeatureAddressVerificationExpiry,"account,cos","accountInfo,accountInherited",,single,,,duration,,,,8.8.5
zimbraFeatureAddressUnderVerification,account,,,single,PrefMailForwardingAddress,,cs_emailp,,,,8.8.5
zimbraFeatureAddressVerificationStatus,account,,,single,,,enum,"verified,pending,failed,expired",,,8.8.5
zimbraFeatureContactBackupEnabled,"account,cos","accountInfo,accountInherited",,single,,,boolean,,,,8.8.5
zimbraPrefOutOfOfficeSpecificDomains,"account,cos",accountInherited,,multi,,,,,,,8.8.5
thumbnailPhoto,account,,,single,,,binary,,,,8.8.7
zimbraPrefDisplayTimeInMailList,"account,cos","accountInfo,accountInherited",,single,,,boolean,,,,8.8.8
zimbraMailHostPool,,,cos,multi,,,id,,,,
zimbraPreAuthKey,,,domain,single,,,astring,,,,
zimbraGalAccountId,,,domain,multi,,,astring,,,,
zimbraGalAlwaysIncludeLocalCalendarResources,,,domain,single,,,boolean,,,,
zimbraGalAutoCompleteLdapFilter,,,domain,single,,,astring,,,,
zimbraGalDefinitionLastModifiedTime,,,domain,single,,1,gentime,,,,
zimbraGalGroupIndicatorEnabled,,,domain,single,,,boolean,,,,
zimbraGalInternalSearchBase,,,domain,single,,,cstring,,,,
zimbraGalLdapAttrMap,,,domain,multi,,,cstring,,,,
zimbraGalLdapPageSize,,,domain,multi,,,long,,,,
zimbraGalLdapValueMap,,,domain,single,,,cstring,,,,
zimbraGalMaxResults,,,domain,single,,,long,,,,
zimbraGalMode,,,domain,single,,,cstring,,,,
zimbraGalSyncLdapPageSize,,,domain,single,,,long,,,,
zimbraGalSyncMaxConcurrentClients,,,domain,single,,,long,,,,
zimbraGalSyncSizeLimit,,,domain,single,,,long,,,,
zimbraGalSyncTimestampFormat,,,domain,single,,,cstring,,,,
zimbraGalTokenizeAutoCompleteKey,,,domain,single,,,cstring,,,,
zimbraGalTokenizeSearchKey,,,domain,single,,,cstring,,,,
zimbraLdapGalSyncDisabled,,,domain,single,,,boolean,,,,
zimbraGalLdapBindDn,,,domain,single,,,cstring,,,,
zimbraGalLdapBindPassword,,,domain,single,,,cstring,,,,
zimbraGalLdapFilter,,,domain,single,,,cstring,,,,
zimbraGalLdapSearchBase,,,domain,single,,,cstring,,,,
zimbraGalSyncMaxConcurrentClients,,,domain,single,,,cstring,,,,
zimbraGalLdapURL,,,domain,single,,,cstring,,,,
zimbraDomainDefaultCOSId,,,domain,single,,,cstring,,,,
zimbraCalResType,,,calendarResource,single,,,cstring,,,,
zimbraPublicServiceHostname,,,domain,single,,,cstring,,,,
zimbraPublicServiceProtocol,,,domain,single,,,cstring,,,,
zimbraAdminConsoleCatchAllAddressEnabled,,,domain,single,,,cstring,,,,
zimbraAdminConsoleDNSCheckEnabled,,,domain,single,,,cstring,,,,
zimbraAdminConsoleLDAPAuthEnabled,,,domain,single,,,cstring,,,,
zimbraAdminConsoleSkinEnabled,,,domain,single,,,cstring,,,,
zimbraAggregateQuotaLastUsage,,,domain,single,,,cstring,,,,
zimbraAuthMech,,,domain,single,,,cstring,,,,
zimbraAutoProvBatchSize,,,domain,single,,,cstring,,,,
zimbraAutoProvNotificationBody,,,domain,single,,,cstring,,,,
zimbraAutoProvNotificationSubject,,,domain,single,,,cstring,,,,
zimbraBasicAuthRealm,,,domain,single,,,cstring,,,,
zimbraChatConversationAuditEnabled,,,domain,single,,,cstring,,,,
zimbraDomainAggregateQuota,,,domain,single,,,cstring,,,,
zimbraDomainAggregateQuotaPolicy,,,domain,single,,,cstring,,,,
zimbraDomainAggregateQuotaWarnPercent,,,domain,single,,,cstring,,,,
zimbraDomainMandatoryMailSignatureEnabled,,,domain,single,,,cstring,,,,
zimbraDomainName,,,domain,single,,,cstring,,,,
zimbraDomainStatus,,,domain,single,,,cstring,,,,
zimbraDomainType,,,domain,single,,,cstring,,,,
zimbraExternalShareInvitationUrlExpiration,,,domain,single,,,cstring,,,,
zimbraFreebusyExchangeServerType,,,domain,single,,,cstring,,,,
zimbraInternalSharingCrossDomainEnabled,,,domain,single,,,cstring,,,,
zimbraMailDomainQuota,,,domain,single,,,cstring,,,,
zimbraMailSSLClientCertPrincipalMap,,,domain,single,,,cstring,,,,
zimbraReverseProxyClientCertMode,,,domain,single,,,cstring,,,,
zimbraReverseProxyExternalRouteIncludeOriginalAuthusername,,,domain,single,,,cstring,,,,
zimbraSkinLogoAppBanner,,,domain,single,,,cstring,,,,
zimbraSkinLogoLoginBanner,,,domain,single,,,cstring,,,,
zimbraSkinLogoURL,,,domain,single,,,cstring,,,,
zimbraWebClientMaxInputBufferLength,,,domain,single,,,cstring,,,,
zimbraWebClientStaySignedInDisabled,,,domain,single,,,cstring,,,,
zimbraWebClientSupportedHelps,,,domain,single,,,cstring,,,,
zimbraZimletDataSensitiveInMixedModeDisabled,,,domain,single,,,cstring,,,,
DKIMDomain,,,domain,single,,,cstring,,,,
DKIMIdentity,,,domain,single,,,cstring,,,,
DKIMKey,,,domain,single,,,cstring,,,,
DKIMPublicKey,,,domain,single,,,cstring,,,,
DKIMSelector,,,domain,single,,,cstring,,,,
zimbraCalResAutoAcceptDecline,calendarResource,,,single,,,cstring,,,,
zimbraCalResAutoDeclineIfBusy,calendarResource,,,single,,,cstring,,,,
zimbraCalResAutoDeclineRecurring,calendarResource,,,single,,,cstring,,,,
zimbraFeatureAdvancedSearchEnabled,"account,cos,calendarResource",,,single,,,cstring,,,,
zimbraFeatureResetPasswordStatus,"account,cos,calendarResource",,,single,,,cstring,,,,
zimbraFeatureResetPasswordSuspensionTime,"account,cos,calendarResource",,,single,,,cstring,,,,
zimbraPasswordRecoveryMaxAttempts,"account,cos,calendarResource",,,single,,,cstring,,,,
zimbraPrefDefaultCalendarId,"account,cos,calendarResource",,,single,,,cstring,,,,
zimbraRecoveryAccountCodeValidity,"account,cos,calendarResource",,,single,,,cstring,,,,
zimbraResetPasswordRecoveryCodeExpiry,"account,cos,calendarResource",,,single,,,cstring,,,,
zimbraShowClientTOS,"account,domain,cos,calendarResource",,,single,,,cstring,,,,
